prompt,response
Can I register as a voter if I don’t have an Aadhar card?,"Yes, you can register with alternative identity proofs like a PAN card, passport, or driving license."
How long does it take to get a voter ID after applying?,"It usually takes around 30 days, but the time may vary depending on verification and processing."
What if my voter ID card is lost?,You can apply for a duplicate voter ID by visiting your local election office or MeeSeva center.
Do I need to renew my voter ID?,"No, voter IDs do not expire. However, you should update it if your details change."
Is there an online process to apply for a voter ID?,"Yes, you can apply online through the National Voter Service Portal (NVSP)."
Can students staying away from home register to vote?,"Yes, they can register as voters in their current city if they provide valid residence proof."
Can I apply for a voter ID without visiting the election office?,"Yes, online applications are available, but biometric verification might require a visit."
What documents are needed to apply for a voter ID?,"Aadhar card, PAN card, passport, or any other valid ID proof along with address proof."
Can I get my voter ID card delivered to my home?,"Yes, once approved, your voter ID will be delivered to your registered address."
Is voter ID free of cost?,"Yes, applying for a voter ID is completely free."
Can I change my polling station?,"No, you must vote at the polling station assigned to you based on your residence."
How can I find my polling booth location?,You can check your polling booth details online or contact your ward volunteer.
Can I vote if my voter ID is valid but my name is missing from the voter list?,"No, you must be on the voter list to cast your vote."
Is there a specific time to vote on election day?,"Yes, polling stations generally operate from 7 AM to 6 PM, but timings may vary."
Can I cast my vote online?,"No, online voting is not allowed in India."
Is there a dress code for voting?,"No, but campaign-related attire is prohibited inside polling stations"
How long does it take to vote at a polling station?,"It depends on the queue, but the process itself usually takes 5-10 minutes."
Do I get any proof after voting?,"Yes, an ink mark is applied to your finger as proof of voting."
What happens if I accidentally press the wrong button on the EVM?,Your vote is final once cast. You cannot change or recast your vote.
What if I am not in my constituency on election day?,You must be physically present to vote unless eligible for a postal ballot
Can government employees on duty vote?,"Yes, they may be eligible for postal ballots or advance voting."
Can members of the military or police vote?,"Yes, they can vote through the service voter system."
Can overseas Indians vote?,"Yes, but they must be physically present in India on election day."
Can an illiterate person vote?,"Yes, they can seek assistance from the polling officer if needed."
Can senior citizens vote from home?,"In some cases, voters above 80 years or persons with disabilities can vote from home."
Can transgender people vote?,"Yes, they can register and vote just like any other eligible citizen"
What facilities are available for disabled voters?,"Special queues, wheelchair access, and Braille-enabled EVMs are available."
Can I vote if I am sick on election day?,"Yes, but you must visit the polling booth. If critically ill, contact the election office for assistance."
Can visually impaired voters get help in casting their vote?,"Yes, they can use Braille-enabled EVMs or request assistance from an election official."
What if I see someone trying to vote illegally?,Report it immediately to the polling officer.
Can I use my mobile phone inside the polling booth?,"No, mobile phones are not allowed inside the booth."
Is photography allowed in the polling station?,"No, taking photos or videos inside the polling booth is prohibited."
What if my employer does not allow me to vote?,Employees are entitled to time off to vote. Report violations to the Election Commission.
Can I discuss whom I voted for inside the polling booth?,"No, disclosing your vote inside the booth is illegal."
Can I bring campaign materials inside the polling station?,"No, wearing or displaying campaign-related materials inside the booth is strictly prohibited."
Is voting influenced by political parties legal?,"No, influencing voters is a punishable offense."
Can I be fined for not voting?,"No, voting is not mandatory, but it is strongly encouraged."
What should I do if I notice election fraud?,Report immediately to election officials or call the Election Commission helpline
Can polling officers reject my vote?,Your vote can only be rejected if you fail identity verification
What is the importance of voting?,Voting is a fundamental right that allows citizens to choose their leaders and shape policies.
What if I don’t want to vote for any candidate?,You can select the NOTA (None of the Above) option on the EVM
Why is there an ink mark on my finger after voting?,It prevents multiple voting by the same person.
Can I change my vote after casting it?,"No, once your vote is cast, it cannot be changed."
How often are elections held?,"General elections occur every 5 years, and local/state elections vary."
Are EVMs tamper-proof?,"Yes, EVMs are highly secure and cannot be hacked remotely."
Why should young voters participate in elections?,Young voters play a key role in shaping the future of the country
What are the main types of elections in India?,"Lok Sabha, Rajya Sabha, State Assembly, Municipal, and Panchayat Elections."
Can I get a holiday on election day?,"Yes, elections are usually declared as a public holiday"
Can I work as a polling officer?,"Yes, government employees and teachers are often assigned election duties."
What if my name is listed twice in the voter list?,You must report it and get the duplicate entry removed.
Can I update my mobile number in the voter list?,"Yes, you can update it through NVSP or the election office"
Can I withdraw my voter registration?,"Yes, but only in cases of duplicate or fraudulent registrations."
Can I vote in multiple constituencies?,"No, you can only vote in one constituency where you are registered."
Where can I find election results?,Election results are available on official websites and news channels.
